{
  "message_id": 41,
  "date": 1707068909,
  "chat": {
    "id": 481254929,
    "type": "private",
    "title": null,
    "username": "yaroslav_yauchuk",
    "first_name": "Yaroslav",
    "last_name": "Yauchuk",
    "is_forum": null,
    "photo": null,
    "active_usernames": null,
    "available_reactions": null,
    "accent_color_id": null,
    "background_custom_emoji_id": null,
    "profile_accent_color_id": null,
    "profile_background_custom_emoji_id": null,
    "emoji_status_custom_emoji_id": null,
    "emoji_status_expiration_date": null,
    "bio": null,
    "has_private_forwards": null,
    "has_restricted_voice_and_video_messages": null,
    "join_to_send_messages": null,
    "join_by_request": null,
    "description": null,
    "invite_link": null,
    "pinned_message": null,
    "permissions": null,
    "slow_mode_delay": null,
    "message_auto_delete_time": null,
    "has_aggressive_anti_spam_enabled": null,
    "has_hidden_members": null,
    "has_protected_content": null,
    "has_visible_history": null,
    "sticker_set_name": null,
    "can_set_sticker_set": null,
    "linked_chat_id": null,
    "location": null
  },
  "message_thread_id": null,
  "from_user": {
    "id": 481254929,
    "is_bot": false,
    "first_name": "Yaroslav",
    "last_name": "Yauchuk",
    "username": "yaroslav_yauchuk",
    "language_code": "en",
    "is_premium": null,
    "added_to_attachment_menu": null,
    "can_join_groups": null,
    "can_read_all_group_messages": null,
    "supports_inline_queries": null
  },
  "sender_chat": null,
  "forward_origin": null,
  "is_topic_message": null,
  "is_automatic_forward": null,
  "reply_to_message": null,
  "external_reply": null,
  "quote": null,
  "via_bot": null,
  "edit_date": null,
  "has_protected_content": null,
  "media_group_id": null,
  "author_signature": null,
  "text": null,
  "entities": null,
  "link_preview_options": null,
  "animation": null,
  "audio": null,
  "document": null,
  "photo": null,
  "sticker": {
    "file_id": "CAACAgIAAxkBAAMpZb_N7S-WLh6_g6ach7KQJJnIfvAAAlMqAAKF4dhJ7vVOPCoZ1lQ0BA",
    "file_unique_id": "AgADUyoAAoXh2Ek",
    "type": "regular",
    "width": 512,
    "height": 512,
    "is_animated": false,
    "is_video": false,
    "thumbnail": {
      "file_id": "AAMCAgADGQEAAyllv83tL5YuHr-DppyHspAkmch-8AACUyoAAoXh2Enu9U48KhnWVAEAB20AAzQE",
      "file_unique_id": "AQADUyoAAoXh2Ely",
      "width": 320,
      "height": 320,
      "file_size": 17298
    },
    "emoji": "🥷",
    "set_name": "GeorgianParadise",
    "premium_animation": null,
    "mask_position": null,
    "custom_emoji_id": null,
    "needs_repainting": null,
    "file_size": 31852,
    "thumb": {
      "file_id": "AAMCAgADGQEAAyllv83tL5YuHr-DppyHspAkmch-8AACUyoAAoXh2Enu9U48KhnWVAEAB20AAzQE",
      "file_unique_id": "AQADUyoAAoXh2Ely",
      "file_size": 17298,
      "width": 320,
      "height": 320
    }
  },
  "story": null,
  "video": null,
  "video_note": null,
  "voice": null,
  "caption": null,
  "caption_entities": null,
  "has_media_spoiler": null,
  "contact": null,
  "dice": null,
  "game": null,
  "poll": null,
  "venue": null,
  "location": null,
  "new_chat_members": null,
  "left_chat_member": null,
  "new_chat_title": null,
  "new_chat_photo": null,
  "delete_chat_photo": null,
  "group_chat_created": null,
  "supergroup_chat_created": null,
  "channel_chat_created": null,
  "message_auto_delete_timer_changed": null,
  "migrate_to_chat_id": null,
  "migrate_from_chat_id": null,
  "pinned_message": null,
  "invoice": null,
  "successful_payment": null,
  "users_shared": null,
  "chat_shared": null,
  "connected_website": null,
  "write_access_allowed": null,
  "passport_data": null,
  "proximity_alert_triggered": null,
  "forum_topic_created": null,
  "forum_topic_edited": null,
  "forum_topic_closed": null,
  "forum_topic_reopened": null,
  "general_forum_topic_hidden": null,
  "general_forum_topic_unhidden": null,
  "giveaway_created": null,
  "giveaway": null,
  "giveaway_winners": null,
  "giveaway_completed": null,
  "video_chat_scheduled": null,
  "video_chat_started": null,
  "video_chat_ended": null,
  "video_chat_participants_invited": null,
  "web_app_data": null,
  "reply_markup": null,
  "forward_date": null,
  "forward_from": null,
  "forward_from_chat": null,
  "forward_from_message_id": null,
  "forward_sender_name": null,
  "forward_signature": null,
  "user_shared": null
}
