id,user_id,message
,481254929, Вопоминающаяся часть начинается после первой минуты.
,481254929, Сделал Титан Крест
,481254929," Мне очень нравится тема финального обдона пятерки, и в то же время я безумно люблю тему главного меню из оригинальной пятерки. Ей тоже полно какой-то грусти и безнадёги. Вот этот инквизитор с этим архидьяволом будет драться вечно и заключен в груди ненависти, пока рядом красиво поёт в горно непонятном языке."
,481254929," Поэтому я был бесконечно рад услышать главную темпу о Дэм Севера. У нее совсем другое начало. Она все еще довольно безнадежная. Пусть мелодия в нее льется словом на тот снег, который вечно идет."
,481254929," Не люблю, ненавижу, тяжело мне жить, всякая херня, ерунда."
,481254929,/wordcloud
,481254929,фывф ыовапр
,481254929,негатив ненавижу злоба
