id,user_id,message
,982634568,Солнце
,982634568,Привет свет
,982634568,Лето
,982634568,Сегодня хорошая погода
,982634568,Всё дерьмо
,982634568,/request
,982634568,Сегодня плохая погода мне грустно
,982634568,Опдв
,982634568,Один
,982634568,Привет
,982634568,Прривет
,982634568,Привет омлет
,982634568,Привет пистолет
,982634568,Облако
,982634568,Привет
,982634568,Привет омлет
,982634568,Юпитер улетел на марс и очень сильно рассмеялся
,982634568,Солнце встало на коленки и ударилось
,982634568,Привет привет
,982634568,Привет((
,982634568,Снова привет
,982634568,Привет омлет
,982634568,Добрый вечер
,982634568,Добрый вечер
,982634568,Опа на
,982634568,Опача
,982634568,"Если проблема не решается после выполнения этих шагов, рекомендуется также проверить зависимости и версии используемых библиотек. Возможно, некоторые библиотеки требуют обновления или есть взаимодействие между ними, которое вызывает ошибку."
